Created_at,LT (m2),LB (m2),KT,KM,Garasi,Carport,Lokasi,Sertifikat,Listrik,Hadap,Harga,URL,Deskripsi
06-12-2021,429,469,7,7,2,2,Kota Semarang,SHM,4400,,7500000000,https://www.rumah123.com/properti/semarang/hos9291330/,"Konsep Villa Exclusive
Viewnya Bagus Sekali"
06-12-2021,169,420,8,2,2,2,Kota Semarang,SHM,,Selatan,980000000,https://www.rumah123.com/properti/semarang/hos9291284/,"6 menit ke Pusat Perbelanjaan ADA Siliwangi, 12 menit ke Bandara, 11 Menit ke Paragon Mall dan DP Mall. Cocok untuk hunian atau kostan"
07-12-2021,70,60,3,2,1,1,Kabupaten Semarang,SHM,1300,Utara,500000000,https://www.rumah123.com/properti/semarang/hos9293741/,"- Sebelah SD N Pudak Payung 03
- Belakang Kantor Kelurahan Pudak Payung
- Dekat Ke Rs.Hermina dan Transmart
- Dekat Ke Exittol Banyumanik
- Dekat Ke Undip Tembalang 10 menit
- Dekat Kawasan Wisata UNGARAN"
06-12-2021,468,700,8,4,1,1,Kota Semarang,SHM,7700,Selatan,2950000000,https://www.rumah123.com/properti/semarang/hos9291694/,dekat UIN Walisongo
06-12-2021,498,392,5,3,2,2,Kota Semarang,SHM,5500,Selatan,3800000000,https://www.rumah123.com/properti/semarang/hos9291766/,"Dekat Sekolah (TK, SD, SMP, SMA)
Undip
RS
Transmart
Ada Supermarket
Pintu tol
Pasar Tradisional
Bebas Banjir"
06-12-2021,153,330,5,4,1,1,Kota Semarang,SHM,2200,Utara,2600000000,https://www.rumah123.com/properti/semarang/hos9291812/,Lebar jalan depan bisa 3 mobil
06-12-2021,271,200,6,4,,3,Kabupaten Semarang,SHM,2200,Utara,1750000000,https://www.rumah123.com/properti/semarang/hos9291825/,"- Hanya 1 menit SMPN 13
- Hanya 2 menit Kampus UNWAHAS
- Hanya 5 menit Kampus UNIKA
- Hanya 10 menit Kampus UNNES"
06-12-2021,90,60,3,1,,,Kota Semarang,SHM,1300,Timur,475000000,https://www.rumah123.com/properti/semarang/hos9291834/,"Dekat jl raya syuhada raya
Dwkat sd syuhada
Dekat alfamart indomaret
Dekat masjid"
06-12-2021,367,265,5,4,,1,Kota Semarang,SHM,4400,,3500000000,https://www.rumah123.com/properti/semarang/hos9291852/,"Tinggal masuk semua sdh terpasang AC, Water heather cctv MNC terdapat wifi. juga"
06-12-2021,72,63,3,2,,1,Kota Semarang,SHM,1300,Selatan,542000000,https://www.rumah123.com/properti/semarang/hos9291867/,"Dekat SDK Sang Timur
Dekat SMP N 34
Dekat GOR Manunggal Jati
Dekat SUPERINDO dan Alfamidi
Dekat ADA Fatmawati
Dekat Klinik dan Puskesmas"
07-12-2021,75,42,2,1,1,1,Kota Semarang,SHM,1300,Utara,310000000,https://www.rumah123.com/properti/semarang/hos9293676/,"- Sebelah SD N Pudak Payung 03
- Belakang Kantor Kelurahan Pudak Payung
- Dekat Ke Rs.Hermina & Transmart
- Dekat Ke Exittol Banyumanik
- Dekat Ke Undip Tembalang 10 menit
- Dekat Kawasan Wisata UNGARAN"
06-12-2021,80,70,3,2,1,1,Kota Semarang,SHM,1300,Timur,850000000,https://www.rumah123.com/properti/semarang/hos9291801/,"- Cluster One Gate System
- Dekat SD Islam Hidayatullah
- 2 Menit Tol Banyumanik
- 2 Menit Swalayan ADA Setiabudi
- 3 Menit TRANSMART Setiabudi
- 7 Menit Kampus UNDIP"
06-12-2021,130,160,4,3,,1,Kota Semarang,SHM,1300,Selatan,850000000,https://www.rumah123.com/properti/semarang/hos9291783/,"dekat Aneka Jaya
Dekat SMPN 34 Semarang
Dekat jl woltermonginsidi"
06-12-2021,275,550,3,3,1,1,Kota Semarang,SHM,11000,Timur Laut,9250000000,https://www.rumah123.com/properti/semarang/hos9291716/,"Dekat kolam renang
View sangat indah"
06-12-2021,120,60,2,1,,2,Kota Semarang,SHM,1300,,600000000,https://www.rumah123.com/properti/semarang/hos9290913/,"tengah kota sampangan gajahmungkur, kawasan terpadu ( kampus UNNES, UNIKA, UNISBANK, GOR JATIDIRI )"
06-12-2021,108,70,3,2,,2,Kota Semarang,SHM,2200,Timur Laut,735000000,https://www.rumah123.com/properti/semarang/hos9292001/,7 MENIT KAMPUS UNIMUS UNDIP
06-12-2021,108,69,3,2,1,1,Kota Semarang,SHM,2200,Tenggara,735000000,https://www.rumah123.com/properti/semarang/hos9292024/,"DEKAT UNIMUS, CITRAGRAND, UNDIP, TEMBALANG, KEDUNGMUNDU, SAMBIROTO"
06-12-2021,448,272,7,3,,,Kota Semarang,SHM,5500,,9500000000,https://www.rumah123.com/properti/semarang/hos9290744/,"- Dekat Polsek Semarang Tengah dan selangkah ke sekolah favorit SMA Loyola
- Lingkungan selain perumahan juga tempat kos , tempat kuliner, pusat perdagangan dan perkantoran.
- Dekat jalan besar Gajahmada, DI Panjaitan dan MT Haryono.
- Bebas banjir
- Cocok untuk usaha kos , tempat tinggal atau tempat usaha"
06-12-2021,160,150,3,2,,,Kota Semarang,SHM,2200,,1400000000,https://www.rumah123.com/properti/semarang/hos9051273/,"- dekat dengan BCA, KFC, Superindo, Kampus Unika, Danau BSB, McD, Starbucks, dekat dengan jalan tol trans Jawa"
07-12-2021,94,40,2,1,1,1,Kota Semarang,SHM,1300,Selatan,400000000,https://www.rumah123.com/properti/semarang/hos9293969/,"- Dekat SPBU
- Dekat Ke Kodam Banyumanik
- Dekat Ke Rs.Hermina & Transmart
- Dekat Ke Exit tol Banyumanik
- Dekat Ke Undip Tembalang 10 menit"
25-07-2021,60,36,2,1,1,,Kabupaten Semarang,SHM,1300,Utara,350000000,https://rumahdijual.com/787974,"- Hanya 4 Menit Menuju EXIT TOL Bawen dan Terminal Bawen
- Dekat Dengan Fasilitas Sekolah SD, SMP dan SMA.
- Dekat Wisata DESA SEMILIR, Kebun HORTIMART, Kampung KOPI BANARAN, TAMAN SALOKA, dan CIMORY
- Dekat Dengan Fasilitas Umum dan Fasilitas Penunjang Lainnya."
01-12-2021,405,240,4,2,,1,Kota Semarang,SHM,2200,,1300000000,https://www.rumah.com/listing-properti/dijual-semarang-oleh-linda-19051451#copylink,"- Rumah Besar di Jl.Mintojiwo
- Dengan halaman belakang
- Lokasi Strategis
- Jalan depan rumah lebar
- Lingkungan aman"
01-12-2021,200,180,3,2,,2,Kota Semarang,SHM,2200,,2300000000,https://www.rumah.com/listing-properti/dijual-semarang-oleh-linda-19168380,"- Terawat, bersih & sudah di renovasi
- Dekat dengan Bandara Ahmad Yani Semarang
- 5 menit kesimpang 5"
07-12-2021,120,80,3,2,,1,Kota Semarang,SHM,2200,,840000000,https://www.rumah.com/listing-properti/dijual-semarang-oleh-muhamad-afandi-18888179,"Lokasi Dekat :
- SMK Grafika
- 2 Menit ke SMA 9
- 3 Menit ke RS Hermina
- 5 Menit ke KODAM
- 5 Menit ke Tol"
06-12-2021,205,315,4,3,2,,Kota Semarang,SHM,2200,,2500000000,https://www.rumah.com/listing-properti/dijual-semarang-oleh-muhamad-afandi-19391322,"Lokasi di kawasan premium, dekat dari Cipto dekat Barito, dekat RS Pantiwiloso, dekat Masjid agung"
05-12-2021,120,40,2,1,,1,Kota Semarang,SHM,1300,,450000000,https://www.rumah.com/listing-properti/dijual-semarang-oleh-abdul-rozak-17858875,"Kwalitas bagus
Jalan row 8m
One gate
1 menit Pasar Mijen
3 menit Sirkuit kelas Nasional
4 menit KFC dan UNIKA"
05-12-2021,60,36,2,1,,1,Kota Semarang,SHGB,1300,,305000000,https://www.rumah.com/listing-properti/dijual-semarang-oleh-muhamad-afandi-19387402,"- 10 Menit dari Java mall
- Dekat ke RS Ketileng
- Dekat ke UNIMUS
- Dekat ke Stikes Sambiroto"
04-12-2021,90,69,3,2,,1,Kota Semarang,SHM,1300,,1200000000,https://www.rumah.com/listing-properti/dijual-semarang-oleh-muhamad-afandi-18613784,"- keamanan 24 jam
- club house / kolam renang dlm Cluster
- joging trek
- komersil Area"
02-12-2021,63,36,3,2,,1,Kota Semarang,SHM,1300,,495000000,https://www.rumah.com/listing-properti/dijual-semarang-oleh-muhamad-afandi-19376761,"- Lokasi di pusat sampangan dekat smp N 13
- Dekat
- Lingkungan sudah terbentuk nyaman"
30-11-2021,77,60,3,2,,1,Kota Semarang,SHM,2200,,1196000000,https://www.rumah.com/listing-properti/dijual-semarang-oleh-muhamad-afandi-19360358,"- Satu - satunya perumahan Cluster di Menoreh Sampangan
- Sudah Banyak yang di Tempati
- One Gate Sistem
-> 50 meter dari jalan Raya Menoreh Sampangan
-> Dekat Sekolahan dan Kampus
-> 2 Menit ke Pom Bensin dan Pasar Tradisional
-> 10 Menit ke RSUD kariadi, Simpang Lima dan pusat Belanja
-> 15 Menit ke Bandara"
30-11-2021,106,242,5,4,,2,Kota Semarang,SHM,2200,Selatan dan Barat,2000000000,https://www.rumah.com/listing-properti/dijual-semarang-oleh-muhamad-afandi-19359944,"KEUNGGULAN LOKASI :
- Akses Jalan Lebar Bisa Simpangan Mobil
- Bebas Banjir
- Lingkungan Nyaman
- Hanya 300 meter Kampus UNWAHAS
- Hanya 3 menit Pasar Sampangan
- Hanya 7 menit Kampus UNIKA
- Hanya 7 menit Kampus STIKUBANK
- Hanya 10 menit RSU Kariadi"
30-11-2021,1068,500,5,3,,2,Kota Semarang,SHM,3500,,16900000000,https://www.rumah.com/listing-properti/dijual-semarang-oleh-sigit-sadono-18547042,"- Di kawasan prestisius dan elite
- Ada Hall kapasitas 50 orang
- Kolam Renang
- Balkon/Teras belakang
- Air PDAM/ artesis
- Line telephone"
24-11-2021,100,160,4,1,,1,Kota Semarang,SHM,1300,,700000000,https://www.rumah.com/listing-properti/dijual-semarang-oleh-muhamad-afandi-19321646,"- 200 m dari jalan raya
- Dekat pasar sampangan
- Bisa di manfaatkan Bangun ulang jadi koskosan eksklusif lokasi sekitar banyak kampus
- Cocok di jadikan townhouse dg View Tol"
07-11-2021,129,289,5,5,3,,Kota Semarang,SHM,5500,,1700000000,https://www.rumah.com/listing-properti/dijual-semarang-oleh-muhamad-afandi-19259187,"POINT PLUS :
• Kawasan Berkembang
• Ramai Penduduk
• Akses Jalan Lebar (2 Mobil)
• Lingkungan Asri
• 2 Menit ke Alfamart Indomart
• 5 Menit ke Kampus Universitas Semarang
• 5 Menit ke Superindo Majapahit
• 5 Menit ke Area Perbelanjaan Tlogosari
• 5 Menit ke SPBU Majapahit/ Soekarno Hatta
• 10 Menit ke Rumah Sakit Pantiwilasa
• 10 Menit ke Gerbang Tol Gayamsari
• 10 Menit Mcd, Pizza Hut, Hoka2 Bento, King Burger"
07-11-2021,271,200,5,4,,3,Kota Semarang,SHM,2200,Utara,1750000000,https://www.rumah.com/listing-properti/dijual-semarang-oleh-muhamad-afandi-19254288,"KEUNGGULAN LOKASI
- Akses Jalan Lebar, Bisa Simpangan Mobil
- Lingkungan Elite, Bebas Banjir
- Hanya 1 menit SMPN 13
- Hanya 2 menit Kampus UNWAHAS
- Hanya 2 menit Taman Sampangan
- Hanya 4 menit Kampus UNTAG
- Hanya 5 menit Kampus UNIKA
- Hanya 10 menit Kampus UNNES"
07-11-2021,60,50,2,1,,1,Kota Semarang,SHGB,1300,,359000000,https://www.rumah.com/listing-properti/dijual-semarang-oleh-muhamad-afandi-19243604,"STRATEGIS :
- 3 Menit ke STIKES Karyahusada Semarang
- 5 Menit ke UNIMUS
- 5 Menit ke RSUD kota Semarang
- 10 Menit dari Java Mall
- 7 Menit ke UNDIP Tembalang

SPESIFIKASI RUMAH :
- Luas 60 Bangunan Tipe 50
- 2 K.Tidur, 1 K.Mandi
- Listrik 1300 Watt
- Air Artetis
- Lebar Jalan 6-8 meter"
07-11-2021,88,65,3,2,,1,Kota Semarang,SHM,2200,,650000000,https://www.rumah.com/listing-properti/dijual-semarang-oleh-muhamad-afandi-19240624,"Lokasi super strategis :
• Lokasi Samping persis Citragrand dan kantor PLN
• Dekat Kampus
• Dekat Rumah Sakit
• Dekat Aneka Jaya"
07-11-2021,702,372,9,6,,3,Kota Semarang,SHM,7700,Selatan,2900000000,https://www.rumah.com/listing-properti/dijual-semarang-oleh-sugeng-tri-prasetyo-18876479,"- Rumah mewah bisa untuk homestay di Tengah Kota di Semarang.
- Lokasi STRATEGIS ,
- Termurah SAAT INI, Ex RUMAH PEJABAT.
- ADA BISNIS PENGINAPAN masih aktif
- DIJUAL FULL FURNISH. berkwalitas
- HARGA BANTING BANGET
- Cocok utk Kantor, Salon, klinik.
- Home stay"
07-11-2021,320,396,7,7,,3,Kabupaten Semarang,SHM,2200,,1700000000,https://www.rumah.com/listing-properti/dijual-semarang-oleh-muhamad-afandi-18420735,"- Rumah Ungaran Lokasi Strategis 100 m dari jalan raya semarang-solo
- Cocok untuk rumah tinggal keluarga besar, Rumah Kos2an, atau Kantor"
07-10-2021,200,300,4,2,,,Kota Semarang,SHM,2200,,2200000000,https://www.rumah.com/listing-properti/dijual-semarang-oleh-linda-19133293,"- Dijual Rumah Cantik di Taman Sari Tembalang
- Semarang 2 Lantai"
07-10-2021,103,92,2,1,,2,Kota Semarang,SHM,900,,570000000,https://www.rumah.com/listing-properti/dijual-semarang-oleh-linda-19124890,"- Dijual rumah Bagus dan Murah
- Good Investment"
07-10-2021,120,110,2,1,,1,Kota Semarang,SHM,1300,,1500000000,https://www.rumah.com/listing-properti/dijual-semarang-oleh-linda-19102542,"- Keamanan 24 Jam
- Dekat dengan pusat kota
- 2 Menit menuju The Park Mall
- 5 Menit ke Bandara Ahmad Yan"
07-10-2021,63,60,3,2,,1,Kota Semarang,SHM,2200,,650000000,https://www.rumah.com/listing-properti/dijual-semarang-oleh-muhamad-afandi-19071536,"Lokasi Strategis :
- Dekat SMP N 13 Semarang
- Dekat Puskesmas Sampangan
- Dekat ke Kampus AMNI
- Dekat ke kampus IKIP VETERAN
- Dekat ke kampus UNTAG
- Dekat ke kampus UNWAHAS"
07-10-2021,162,180,7,2,,1,Kota Semarang,SHM,1300,,1000000000,https://www.rumah.com/listing-properti/dijual-semarang-oleh-hari-cs-18601855,Dijual rumah siap pakai lokasi kota Semarang rangka sebagian besar dari kayu jati alas akses dekat dengan pusat kota Semarang
07-12-2021,253,155,3,3,,1,Kota Semarang,SHM,3500,Utara,1900000000,https://www.rumahku.com/p/RZC7V005/rumah-dijual-ngaliyan-semarang-50181,"Keunggulan:
- Rumah sudah siap Huni
- lingkungan Nyaman
- Jalan Lebar
- Bebas Banjir"
07-12-2021,500,300,2,1,,1,Kota Semarang,SHM,900,Selatan,196000000,https://www.rumahku.com/p/SHGV4069/rumah-dijual-pedurungan-tengah-semarang-50192,"Keunggulan :
- Dekat rumah warga
- Dekat mushola
- Dekat sekolah SD bangetayu wetan
- 3 menit ke jalan raya woltermonginsidi
- 3 menit ke pasar bangetayu
- 3 menit ke alastua & taman bangetayu
- 5 menit ke swalayan superindo
- 6 menit ke swalayan aneka jaya
- 7 menit ke pasar genuk
- 8 menit ke pedurungan"
07-12-2021,720,450,2,1,,1,Kota Semarang,SHM,1300,Timur,395000000,https://www.rumahku.com/p/SHGV4070/rumah-dijual-pedurungan-tengah-semarang-50192,"Keunggulan Lokasi:
- Jalan lebar 6 - 10 meter
- Selangkah ke jl Woltermonginsidi
- Dekat Aneka Jaya Woltermonginsidi
- Dekat Alfamidi woltermonginsidi
- Dekat Alfamart Indomaret Woltermonginsidi"
07-12-2021,227,155,4,2,1,1,Kota Semarang,SHM,2200,Barat,1900000000,https://www.rumahku.com/p/WR4MW001/rumah-dijual-gisikdrono-semarang-50149,"Dekat dengan Bandara, Sekolahan, Rumah sakit, dan pasar."
07-12-2021,120,30,2,1,,1,Kota Semarang,SHM,1300,Timur,500000000,https://www.rumahku.com/p/GVY4D147/rumah-dijual-mijen-semarang-50519,"Lokasi Strategis :
- Jalan Bisa Dilalui 2 Mobil
- Bebas Banjir
- Keamanan 24 Jam
- Lakers Resto & Kolam Renang
- Fasilitas Pendidikan Dekat Area Sekolah, Area Pendidikan 5 Ha. Dalam Kawasan.
- Kampus AMNI Depan Kawasan
- Fasilitas Umum dekat Market Swalayan, 45 Menit Ke Stasiun
- Akses Tol Semarang- Jakarta."
07-12-2021,120,45,1,1,1,1,Kota Semarang,SHM,900,Utara,525000000,https://www.rumahku.com/p/2TPHD001/rumah-dijual-mijen-semarang-50519,"Keunggulan:
- 2 menit menuju Pasar Ace Mijen
- 5 menit menuju Rumah Sakit Ananda
- 10 menit menuju BSB city"
07-12-2021,125,45,2,1,2,1,Kota Semarang,SHM,2200,Timur,550000000,https://www.rumahku.com/p/PFCZ1008/rumah-dijual-ngaliyan-semarang-50264,"Fasilitas Umum Pendukung:
- 24 hours security
- Club house
- Fitness Center
- Kolam renang
- Taman bermain
- Mini market
- Lintasan jogging
- Golf center
- Parkir
- Binatu
- Kamera Pengawas
- Ruang Serbaguna"
07-12-2021,546,550,4,3,4,4,Kota Semarang,SHM,2200,Utara,4500000000,https://www.rumahku.com/p/SHGV4064/rumah-dijual-gayamsari-semarang-50248,"Keunggulan:
- Pinggir jalan
- Tempat sangat strategis Posisi Hock/Pojok
- Halaman sangat luas dekat jalan Majapahit sekitar 100m 
- Cocok buat perkantoran atau tempat usaha lainnya."
07-12-2021,170,70,3,3,2,3,Kota Semarang,SHM,3000,Barat,1100000000,https://www.rumahku.com/p/PFCZ1001/rumah-dijual-ngaliyan-semarang-50181,"Keunggulan:
- Design minimalis eropa modern
- Carport, taman, listrik 2200 watt dan air artesis
- Fasilitas Swimming Pool
- Dekat kampus Fak.Kedokteran UNIKA
- Dekat Rumah sakit Permata Medika"
07-12-2021,200,130,3,1,,,Kota Semarang,SHM,900,Selatan,400000000,https://www.99.co/id/properti/rumah-murah-pinggir-jalan-di-gunungpati-semarang-83775496624,"Ready rumah murah lokasi di Gunungpati, Semarang Luas tanah 200 m dan luas bangunan 130 mSHM Harga 400 jutaFasilitas: kamar tidur 3, kamar mandi 1, listrik 900 W, air artetis Bangunan hadap selatan Rumah bangunan pribadi Lokasi dekat masjid dan sekolah Jalan depan 6 m  Lokasi dekat kelurahan dan jalan raya Ungaran  UNNES  Rumah di lengkapi dengan ruang solat Kode: E-009"
07-12-2021,90,63,3,2,,1,Kota Semarang,SHM,1300,,747000000,https://www.realoka.com/180833-juara-promo-rumah-baru-hanya-sampe-12-juni-di-banyumanik-semarang,"Lokasi SEJUK di SAWUNGGALING BANYUMANIK kota Semarang Atas, dekat kampus UNDIP."
07-12-2021,60,33,2,1,,1,Kabupaten Semarang,SHM,1300,Selatan,200625000,https://www.rumahku.com/p/WJP5CX99/rumah-dijual-ungaran-semarang-50511,"Lokasinya Sangat Sejuk di Ungaran Barat :
3 Menit dari Taman Amongrogo
4 Menit dari Kantor Kecamatan Gunung Pati
6 Menit ke SMP N 24 Semarang
7 Menit ke SMA N 12 Semarang
9 Menit ke Pasar Gunung Pati
8 Menit ke Puskesmas Gunungpati
12 Menit Ke UNNES
12 Menit Ke RS BANYUMANIK 2
15 Menit ke TRANSMART
17 Menit Pintu TOL ADA"
07-12-2021,87,45,2,1,,,Kota Semarang,SHM,1300,Utara,495000000,https://www.realoka.com/168406-rumah-cantik-asri-minimalis-luas-tanah-besar-lokasi-di-gunungpati-kota-semarang,"KEUNGGULAN LOKASI :
- Lingkungan Bebas Banjir
- Hanya 5 menit Jl Raya Majapahit
- Hanya 7 menit ADA Swalayan
- Hanya 7 menit GOR Manunggal Jati
- Hanya 7 menit Kampus STEKOM
- Hanya 9 menit Hotel Horison Majapahit"
07-12-2021,120,65,2,2,,1,Kota Semarang,SHM,1300,Utara,750000000,https://www.rumahku.com/p/TH1SK001/rumah-dijual-gondoriyo-semarang-50187,"Keunggulan:
- One gate system
- Akses jalan 8m
- Lahan datar akses jalan lebar papasan mobil leluasa
- Bangunan baru design minimalis modern
- Sertifikat Hak Milik pecah per kavling
- Taman depan, carport, ruang tamu, ruang keluarga, dapur, dan area belakang"
07-12-2021,200,200,4,2,1,1,Kota Semarang,SHM,2200,Timur,1800000000,https://www.realoka.com/144466-rumah-di-gajah-timur-gayamsari-kota-semarang,"DIJUAL Rumah Gayamsari Hadap Timur
Lokasi Gajah Timur Gayamsari Kota Semarang
Dekat Tol Gayamsari
Dekat Masjid Agung Jawa Tengah"
07-12-2021,123,36,2,1,,1,Kota Semarang,SHM,1300,Selatan,450000000,https://www.rumahku.com/p/CZ5GW003/rumah-dijual-manyaran-semarang-50147,"Keunggulan Lokasi:
- Di Jalan Borobudur Raya
- Selangkah ke Rumah Dinas Walikota
- Belakang Swalayan RAMAI
- Dekat POM Bensin Manyaran
- Dekat Bursa Oto Mobil TVRI
- 2 menit ke Gerbang Tol Manyaran
- 3 menit ke RS Kariyadi
- 4 menit ke Tugu Muda
- 5 menit ke Simpang Lima
- 6 menit ke Stasiun Kereta Api
- 8 menit ke Bandara A Yani"
06-12-2021,284,100,3,2,,1,Kota Semarang,SHM,2200,Selatan,1400000000,https://www.realoka.com/104240-rumah-baru-mewah-2lt-type-besar-lt-234m2-lokasi-elite-banyumanik-semarang,"Keistimewaan lokasi :
- dekat taman Tirto Agung
- dekat pintu tol Banyumanik
- 5 menit SDIT Al-Azhar Tembalang
- 5 menit kampus UNDIP
- dekat estate2 elite di Banyumanik
- dekat RS Banyumanik 1
- 7 menit mall Transmart Banyumanik
Bonus bulan ini ;
- 1 unit AC 1/2 pk
- Taman cantik
- Tembok pagar depan"
07-12-2021,70,36,2,1,,1,Kota Semarang,SHM,1300,Utara,350000000,https://www.rumahku.com/p/CZ5GW002/rumah-dijual-pedurungan-kidul-semarang-50192,"Keunggulan Lokasi:
Samping SDN 02 dan Polsek Pedurungan Tengah
Belakang PIZZA HUT Majapahit
Selangkah ke Jalan Raya Arteri Soekarno Hatta
Dua langkah ke Jalan Raya Majapahit
Tiga langkah ke ADA Fatmawati & ADA Majapahit
Empat langkah ke Kolam Renang Manunggal Jati
Beberapa langkah ke LOTTE Mart
Empat ke SAMSAT Pedurungan
Lima langkah ke TRANSMART
5 menit ke Pintu Tol Gayamsari
10 menit ke Simpang Lima"
06-12-2021,328,130,4,3,,1,Kota Semarang,SHM,1300,,1650000000,https://www.realoka.com/198444-dijual-rumah-bagus-istimewa-lt-328m2-lokasi-mulawarman-tembalang,"KEUNGGULAN LOKASI
Cluster One Gate System
Masjid As-sholihin
5 menit ke pasar damar,Alfamart dan Swalayan ADA
10 menit ke GT Tembalang dan GT banyumanik
Pos Keamanan 24 Jam
CCTV Lingkungan, Aman, Nyaman
Akses Jalan Lebar Simpangan Mobil
Hanya 5 menit Kampus UNDIP
Hanya 5 menit Masjid Al Azhar"
07-12-2021,1000,750,9,6,1,4,Kota Semarang,SHM,5500,Utara,15000000000,https://www.rumahku.com/p/F1LWF001/rumah-dijual-gajah-mungkur-semarang-50232,"Rumah 2 lantai.
Lokasi Strategis :
- 5 menit ke Simpang Lima 
- 5 menit ke RS Elizabeth
- Dekat Taman Gajahmungkur
- Bebas Banjir
- Dekat rumah Dinas Gubernur (tempat elit)"
05-12-2021,335,308,4,4,1,,Kota Semarang,SHM,900,Barat,2400000000,https://www.99.co/id/properti/rumah-di-dekat-pusat-kota-semarang-96122632255,"Rumah di dekat pusat Kota Semarang, air PDAM"
06-12-2021,287,150,4,3,,1,Kota Semarang,SHM,2200,,2900000000,https://www.realoka.com/214303-rumah-mewah-elegan-lingkungan-asri-dekat-kampus-undip-semarang,"Keunggulan Lokasi:
Lokasi Startegis
Dekat Kampus UNDIP
Dekat Tol Tembalang
Dekat Tol Jatingaleh
Dekat Pusat Perbelanjaan Transmart dan ADA Setiabudi
Dekat pusat kota Semarang"
07-12-2021,84,75,2,1,,1,Kabupaten Semarang,SHM,900,Selatan,325000000,https://www.rumahku.com/p/3FMRJ001/rumah-dijual-ungaran-semarang-50511,"Lokasi Strategis :
- 15 Menit menuju Gerbang Tol Ungaran
- Dekat dengan Puskesmas
- Dekat Dengan Pusat Kota Ungaran dan Alun alun"
06-12-2021,210,100,3,2,,1,Kota Semarang,SHM,1300,,1550000000,https://www.realoka.com/213924-rumah-murah-strategis-dekat-kota-di-manyaran-semarang,"BONUS Pilihan :
2 AC Daikin / TV LED 32
Keunggulan:
* Cluster One Gate System
* POS Keamanan 24 JAM
* Jalan Lebar Simpang Mobil
* Lokasi Datar, Bebas Banjir, Bebas Longsor
* Akses Jalan Lebar Bebas Simpangan Mobil
* Hanya 15 menit ke Pusat Kota
* Hanya 2 menit ke Exit TOL
* Hanya 10 menit ke Bandara Ahmad Yani
* Dekat KFC, Pizza Hut Swalayan dll"
06-12-2021,120,123,3,2,1,1,Kota Semarang,SHM,2200,Utara,1517000000,https://www.realoka.com/193145-disc-besar-sd-ratusan-juta-unit-3lt-di-tembalang-kota-semarang,"Fasilitas :
- Akses mudah
- Row jalan lebar mobil bisa papasan
- One gate system
- Pos keamanan 24 jam.
- Sertifikat ready SHM.
- Listrik 2200
- Air Artetis
Promo dibulan ini:
- free AJB dan balik nama
- taman cantik
- AC/genset
- free cuci mobil di garda mas 50x"
07-12-2021,120,90,4,3,2,2,Kota Semarang,SHM,2200,Timur,600000000,https://www.rumahku.com/p/RZK7M016/rumah-dijual-ngaliyan-semarang-50181,"√- Fasum Perumahan nyaman dan lengkap khusus untuk penghuni Cluster Sky Mansion Horizon :
• Club House dan Kolam Renang • Mushola • Taman Hidup • Taman Bermain • Balai Warga • Listrik Bawah Tanah • One Gate System Security 24h • Row st. 8m • View Alam Pegunungan dan Sawah.
√- Kemudahan Akses yang strategis di daerah Ngaliyan dan sekitarnya :
15 menit ke Bandara • 10 menit ke Kawasan BSB City, Kampus Unika,UIN,STEKOM,Sekolah Al-Azhar,Up Town Mall • 5 Menit ke RS Permata Medika • 5 Menit ke Pasar Ngaliyan, Pusat Kuliner dan hiburan di Ngaliyan."
07-12-2021,120,36,3,2,1,1,Kota Semarang,SHM,1300,Timur,600000000,https://www.rumahku.com/p/RZK7M015/rumah-dijual-ngaliyan-semarang-50181,"√- Fasum Perumahan nyaman dan lengkap khusus untuk penghuni Cluster Sky Mansion Horizon :
• Club House dan Kolam Renang • Mushola • Taman Hidup • Taman Bermain • Balai Warga • Listrik Bawah Tanah • One Gate System Security 24h • Row st. 8m • View Alam Pegunungan dan Sawah.
√- Kemudahan Akses yang strategis di daerah Ngaliyan dan sekitarnya :
15 menit ke Bandara • 10 menit ke Kawasan BSB City, Kampus Unika,UIN,STEKOM,Sekolah Al-Azhar,Up Town Mall • 5 Menit ke RS Permata Medika • 5 Menit ke Pasar Ngaliyan, Pusat Kuliner dan hiburan di Ngaliyan."
05-12-2021,80,36,2,1,,1,Kota Semarang,SHM,900,,390000000,https://www.realoka.com/132571-rumah-cantik-dan-strategis-semarang-kota,"Akses Luar Rumah :
- 2 menit ke Hasanudin junior high school
- 3 menit ke pasar bangetayu
- 4 menit ke puskesmas bangetayu
- 5 menit ke RS puri asih semarang
- ️10 menit ke UNISULA
- 10 menit ke terminal terboyo
- 28 menit ke simpang lima"
07-12-2021,77,45,2,1,,1,Kabupaten Semarang,SHM,1300,Barat,295000000,https://www.rumahku.com/p/GVY4D1B3/rumah-dijual-leyangan-semarang-50519,"Keunggulan:
-Lingkungan Sejuk Nyaman Tenang Cocok buat pasangan kluarga yg suka ketenangan
-Hanya 5 Menit dari RENCANA PEMBANGUNAN KAMPUS BPLP pleburan yg akan d pindah k ungaran
-Hanya 5 Menit dari objek wisata WATU GAJAH PARK
-Hanya 7 Menit dari Pintu Tol Ungaran
-Hanya 10 Menit dari Pusat Kota Ungaran, Rumah Sakit Kensaras, Swalayan DAN Alun2 Ungaran"
07-12-2021,120,45,2,1,,1,Kota Semarang,SHM,2200,Tenggara,575000000,https://www.rumahku.com/p/LPH50005/rumah-dijual-mijen-semarang-50519,"Keunggulan:
- CLUSTER EXCLUSIVE
- DEKAT MALL BSB DAN KAMPUS UNIKA BSB
- Cluster perumahan yang berada di belakang kantor SABHARA BSB CITY Semarang"
07-12-2021,174,150,3,2,,,Kota Semarang,SHM,2200,,1255000000,https://www.realoka.com/206151-griya-tria-tinggal-2-dua-unit-sebelum-terlambat,"GRIYA TRIA INDAH 1
Rumah kawasan elite, terletak di ungaran,dijalan DI Panjaitan
Belakang Polsek Ungaran
Tepat dibatas kota Ungaran
Lokasi Strategis
400m dr jalan PROVINSI
3 menit Pasar Ungaran
3 menit alun alun lama ungaran
4 menit Alun alun bungkarno
4 menit ke pintu toll
1 menit ke kantor ATR/BPN"
07-12-2021,60,36,2,1,,1,Kota Semarang,SHM,1300,Selatan,290000000,https://www.rumahku.com/p/H3BFJ018/rumah-dijual-banyumanik-semarang-50264,"LOKASI SANGAT STRATEGIS :
- 1 menit ke Sekolah STM Grafika
- 4 menitan ke RS HERMINA
- 5 menitan ke TRANSMART
- 7 menitan ke ADA / Tol Sukun
- 10 menitan ke kampus UNDIP
- Posisi Hook Jalan depan lebar"
06-12-2021,100,70,3,2,,1,Kota Semarang,SHM,2200,,950000000,https://www.99.co/id/properti/rumah-modern-jalan-durian-banyumanik-srondol-tembalang-semarang-kota-64754769105,"Keunggulan:
- Cluster Grand Valley Grand Panorama, Banyumanik Semarang.
- Design minimalis dengan view Gunung Ungaran.
- Hanya 5 menit menuju Gerbang Tol Banyumanik.
- FREE! Biaya BPHTB dan BBN"
07-12-2021,84,45,2,1,,1,Kota Semarang,SHM,1300,Utara,495000000,https://www.rumahku.com/p/CZ5GW006/rumah-dijual-banyumanik-semarang-50264,"Keunggulan:
- Hunian Idaman , Nyaman dan Aman
- Cluster Grand Valley Grand Panorama, Banyumanik Semarang
- Design minimalis dengan view Gunung Ungaran
- Hanya 5 menit menuju Gerbang Tol Banyumanik.
- FREE! Biaya BPHTB dan BBN"
07-12-2021,127,50,3,2,1,1,Kota Semarang,SHM,2200,Selatan,600000000,https://www.rumahku.com/p/PFCZ1019/rumah-dijual-ngaliyan-semarang-50181,"Keunggulan:
- Interior Semi furnished
- Fasilitas Swimming Pool"
07-12-2021,90,80,2,1,,1,Kota Semarang,SHM,1300,Utara,600000000,https://www.olx.co.id/item/rumah-klipang-pesona-asri-regency-dekat-rsud-ketileng-iid-847013840,"Lingkungan One Gate System
CCTV + Satpam 6 Personil (24 Jam)
Lebar Jalan Full Paving Simpangan Mobil
Cluster Tanpa Pagar
Bebas Banjir
Dekat RSUD Ketileng
Dekat SD Internasional
Dekat SMPN 34
Dekat SMAN 15
Dekat Kampus UNIMUS
Dekat Pusat Bisnis & Kuliner"
06-12-2021,120,38,2,1,,1,Kota Semarang,SHM,1300,Barat,500000000,https://www.99.co/id/properti/rumah-dijual-cepat-siap-pakai-di-teras-bali-mijen-59087176424,"Taman Legian, Teras Bali
Lt: 120
Lb: 38
SHM
Hdp Brt
KT: 2
Km: 1
1300 watt
Carport: 1
pam&artetis
Canopy
Harga: 500 jt"
04-12-2021,209,63,2,1,,1,Kota Semarang,SHM,1300,,1800000000,https://www.99.co/id/properti/rumah-paling-aman-lingkungan-dijamin-nyaman-taman-bunga-bsb-ngaliyan-semarang-18516787991,"Perumahan Elite BSB
One gate system
Keamanan 24 jam
Bebas banjir
Lokasi strategis
3 menit Pasar Ngaliyan
5 menit Kampus UNIKA
10 menit Kampus UIN Sunan Kalijogo
20 menit Bandar Udara Ahmad Yani"
07-12-2021,578,500,6,4,3,3,Kota Semarang,SHM,7700,,6000000000,https://www.olx.co.id/item/jual-rumah-mewah-ada-kolam-renang-pribadi-ruangan-sangat-luas-iid-849414208,"Semi Furniture
Kolam renang dewasa
Kolam renang anak
Tempat Gym
SELLING POINT :
• 2 menit ke Alfamart dan indomart
• 3 menit ke Undip dan Polines Tembalang
• 4 menit ke Superindo
• 5 menit ke Akses Tol
• 5 menit ke Transmart, Ada swalayan
• 5 menit ke Al azhar"
07-12-2021,685,500,15,8,,1,Kota Semarang,SHM,2200,Timur,18000000000,https://www.olx.co.id/item/rumah-luas-belakang-spbu-gajahmungkur-cocok-untuk-usahatempat-tinggal-iid-849425243,"jalan depan lebar bisa simpangan mobil. lokasi sangat strategis, di belakang spbu gajahmungkur, dekat hotel2, resto, tempat usaha, dll. sangat cocok dijadikan tempat usaha seperti resto atau tempat tinggal. dekat juga ke jalan veteran. ke pusat kota semarang juga dekat. bebas banjir."
07-12-2021,71,60,3,2,,1,Kota Semarang,SHM,2200,,800000000,https://www.olx.co.id/item/perumahan-di-semarang-dekat-bale-kota-iid-849418623,"*FASILITAS*
- Cctv
- Smarthome System
- WiFi
- Smart Door Lock
*KEUNGGULAN LOKASI*
- 0 km jalan raya
- akses jalan lebar
- bebas banjir
- dekat sarana pendidikan ( SD labscool UNNES, SMP N 13, UNWAHAS, STIKUBANK, dll)
- 8 Menit RSUP dr. Kariadi
- 10 Menit Simpang Lima
- 10 Menit POLDA Jawa Tengah
- 10 Menit Exit Toll Jatingaleh"
07-12-2021,72,72,2,1,1,1,Kota Semarang,SHM,1300,,300000000,https://www.olx.co.id/item/rumah-murah-bpd-tlogomulyo-pedurungan-rumah-dijual-iid-849428073,"Keunggulan lokasi :
• 3 menit SUPERINDO
• 3 menit SPBU
• 5 menit Kampus POLTEKKES
• 8 menit Pizza Hut Pedurungan
• 9 menit McDonald's
• 10 menit ADA Majapahit
• 12 menit Kampus UNIMUS
• 13 menit Pintu TOL Gayamsari
• 13 menit RS Bhayangkara
• 18 menit Simpang Lima Semarang"
30-11-2021,120,70,3,2,,1,Kota Semarang,SHM,1300,,399000000,https://www.olx.co.id/item/rumah-sampangan-unnes-hrg-terjangkau-tepi-jl-raya-sampangan-unnes-iid-807405247,"- BONUS PONDASI CAKAR AYAM 4 TITIK , sehingga kl di kemudian hari mau dibuat lantai 2 tidak usah bongkar pondasi bawah krn sdh struktur utk 2 lantai
- Harga Promo terbatas dan bs berubah sewaktu2
- LOKASI PERSIS TEPI JL RAYA SAMPANGAN -- UNNES SMG
- INVESTASI YG BGS KRN DKT KAMPUS UNIVERSITAS NEGERI DAN DEKAT PUSAT KOTA hanya 10 menit
- DEKAT PASAR SAMPANGAN DAN RS KARYADI, RS WILIAM BOOT, RS ELISABETH
- View Bagus pemandangan ke arah bukit sari dan lapangan golf Gombel
- Bebas longsor krn tanah padas dan kondisi relatif rata dan tanah tdk gerak
- Dekat dgn Undip, srondol dan banyumanik krn ada jl tembus dari Unnes ke Undip tembalang hanya 10menit .
- Harga sewaktu2 bs berubah"
05-12-2021,90,85,3,2,,,Kota Semarang,SHM,2200,,1000000000,https://www.99.co/id/properti/rumah-di-tirto-agung-tembalang-undip-89221901175,"Spesifikasi :
Pondasi cakar ayam
Struktur beton bertulang
Lantai granit
Atap baja ringan
Kusen almunium
Plafin gypsum
Air sumur bor (bebas bayar)
Iistrik 2200.
#STRATEGIS
- Belakang persis apartemen Tamansari Cendikia
- Belakang Prabanata village.
250mtr pintu tol Tirto Agung
-10 menit Undip"
04-12-2021,250,200,5,2,1,,Kota Semarang,SHM,3500,,2800000000,https://www.99.co/id/properti/rumah-impian-kualitas-dahsyat-gan-jl-tampomas-petompon-semarang-86010797425,"Rumah Impian Kualitas Dahsyat Gan , Jl. Tampomas Petompon Semarang Rumah di jalan Tampomas selain bebas banjir juga merupakan kawasan pemukiman yang berada di tengah tengah Kota Semarang Magnet kawasan: 3 menit RSUP Karyadi 5 menit Tugu Muda Semarang 5 menit Kawasan Simpang Lima Semarang 15 menit Bandara Ahmad Yani Semarang Spesifikasi Luas tanah 250 Luas bangunan 200 Kamar tidur 5 Kamar mandi 2 Ruang tamu Ruang keluarga Dapur Gudang Garasi muat 3 mobil Listrik 3500 Air PDAM SHM Dijual cepat harga 2.8 M (nego) wa.me/6285878452987"
04-12-2021,120,67,3,1,,,Kota Semarang,SHM,2200,,975000000,https://www.99.co/id/properti/rumah-eksklusif-pandanran-hills-sambiroto-tembalang-60301011905,"Dijual rumah siap huni di perumahan eksklusif Pandanaran Hills Sambiroto Tembalang Rumah di ingkungna cluster yang menawarkan keamanan 24 jam serta kenyamanan untuk dihuni Fasilitas Perumahan lengkap dari tempat ibadah sampai kolam renang, akses jalan perumahan yang lebar dan terawat. Bonus view LT 120 LB 67 KT 3+1KM 1+1 token 2200watt air artetis Depan full canopi, teralis ,pintu besi dan ram nyamuk. belakang suda keramik ( 4x5 = 20 meter ), kanopi dan ram nyamuk. SHM 975 jt nego"
05-12-2021,468,700,8,4,1,,Kota Semarang,SHM,7700,Selatan dan Utara,2950000000,https://www.99.co/id/properti/rumah-mewah-ready-di-ngaliyan-semarang-18014552782,"Dijual BU Rumah mewah berkualitas Full Granit Jl. Bukit Ngaliyan Permai Blok B-8. Perumahan Pokok Pondasi, Ngaliyan  LT 468 m2 LB sekitar 700 m2 KT 8 KM 4 mewah (2 dalam, 2 luar) Air artetis Listrik 7700 watt (4400 dan 3300, token) Hadap Selatan dan Utara  (2 rumah nyambung jadi 1) Ada kolam renang Garasi luas Carport luas Jalaman dangat luas. Ada aula besar di atas Bisa dibuat ruang tamu Bisa juga lantai atas utk kost kost an / Kantor kerja SHM Full granit Rp.2.950M nego sampai jadi."
07-12-2021,120,70,2,2,,1,Kota Semarang,SHM,2200,,1370999547,https://www.olx.co.id/item/on-progres-maret-serah-terima-kunci-iid-849423019,Kedaton park type dirgamaya lb.70 lt.120 2kt 2km SHM ready dua unit on progres bangun Spek istimewa Lebar jalan depan 8m Listrik 2.200wat Air artetis Taman cantic Harga sudah free notaris. PBHTB. AJB+baliknama Peningkatan SHM dan juga IMB Udara sejuk dan juga nyaman Fasilitas lengkap Dekat Unika kampus 2 Dekat Up town Mall Dekat rumah sakit dll Sistem pembayaran cash keras. Tunai bertahap atau KPR dengan uang muka mulai 10% saja proses KPR dibantu dan kita sudah MOU dengan hampir semua Bank Info lengkap hubungi lyson kedaton
07-12-2021,98,60,3,2,,1,Kota Semarang,SHM,2200,,1400000000,https://www.olx.co.id/item/rumah-2-lantai-dekat-bandara-ahmadyani-iid-849421033,"*KEUNGGULAN LOKASI*
- 0 km jalan raya
- akses jalan lebar
- bebas banjir
- dekat sarana pendidikan ( SD labscool UNNES, SMP N 13, UNWAHAS, STIKUBANK, dll)
- 8 Menit RSUP dr. Kariadi
- 10 Menit Simpang Lima
- 10 Menit POLDA Jawa Tengah
- 10 Menit Exit Toll Jatingaleh
- 15 Menit Bandara Ahmad Yani"
03-12-2021,86,45,2,1,,1,Kota Semarang,SHM,1300,,466111000,https://www.olx.co.id/item/new-pesona-pedurungan-rumah-wuapik-akses-mudah-iid-849018155,"KEUNGGULAN LOKASI :
Dekat jalan raya woltermonginsidi
Dekat pom bensin
Dekat minimarket
Selangkah ke swalayan aneka jaya
Selangkah ke SD, SMO
Selangkah ke stasiun
Dekat kampus III Polteknes semarang"
27-11-2021,81,45,2,1,,1,Kota Semarang,SHM,1300,,448202100,https://www.olx.co.id/item/rumah-legent-bagus-harga-hemat-pedurungan-punya-iid-848545261,"KEUNGGULAN LOKASI :
Dekat jalan raya woltermonginsidi
Dekat pom bensin
Dekat minimarket
Selangkah ke swalayan aneka jaya
Selangkah ke SD, SMO
Selangkah ke stasiun
Dekat kampus III Polteknes semarang"
08-10-2021,189,150,4,2,,1,Kota Semarang,SHM,2200,,870000000,https://www.olx.co.id/item/rumah-di-genuk-baru-lokasi-sangat-asri-iid-832666056,"5 Menit SDN 02 TegalSari,
5 menit Ke Simpang Lima,
5 menit Ke Kantor Lurah TegalSari,
5 menit ke POLDA JATENG
10menit Ke SMA 1, SMKN 7, SMKN 8
10menit Ke SMPN 10 , SMPN 5, SMP NASIMA
10 menit Ke UNDIP, UNISBANK, PIP Semarang
10 menit Ke Mall Ciputra,
10 menit Ke Jalan Raya Pandanaran
5 menit Ke Java Mall
10 menit ke RS Telogorejo
10 menit ke RS Siloam
10 menit Ke Pasar Peterongan,
5 menit Ke RS. Elisabeth,
10 menit Ke RS.Romani,
5 menit Ke Gedung Wanita."
07-12-2021,98,60,3,2,,,Kota Semarang,SHM,2200,,750000000,https://www.olx.co.id/item/rumah-2-lantai-lokasi-dekat-unis-bank-iid-849419465,"*FASILITAS*
- Cctv
- Smarthome System
- WiFi
- Smart Door Lock
*KEUNGGULAN LOKASI*
- 0 km jalan raya
- akses jalan lebar
- bebas banjir
- dekat sarana pendidikan ( SD labscool UNNES, SMP N 13, UNWAHAS, STIKUBANK, dll)
- 8 Menit RSUP dr. Kariadi
- 10 Menit Simpang Lima
- 10 Menit POLDA Jawa Tengah
- 10 Menit Exit Toll Jatingaleh
- 15 Menit Bandara Ahmad Yani"
07-12-2021,90,100,3,2,,1,Kota Semarang,SHM,1300,Selatan,850000000,https://www.olx.co.id/item/jual-rumah-di-candi-kalasan-manyaran-semarang-no-paramount-village-iid-849417678,"Dijual Rumah Bagus Siap Huni, Bonus 1 AC"
07-12-2021,180,150,3,1,1,1,Kota Semarang,SHM,1300,Timur,750000000,https://www.olx.co.id/item/rumah-dekat-kota-lb-150m-lt-180m-3kt-1km-strategis-di-sampangan-iid-821586029,"BONUS
- Kanopi
- Tandon Air
- Free All Biaya"
26-08-2021,730,300,6,3,,1,Kota Semarang,SHM,1300,,2950000000,https://www.olx.co.id/item/rumah-mewah-halaman-luas-shm-siap-huni-iid-797871277,"Di jual rumah mewah model klasik 100% bangunan baru di Mahesa
Luas halaman 500M (Bisa untuk parkir 60mobil/di pake usaha lain
200m dari jalan majapahit
100 m dr jl. Sukarno hatta
Dijual Rp 2.95 M /balik modal
Bebas banjir, aman dan nyaman"
26-11-2021,160,250,9,7,,1,Kota Semarang,SHM,3500,,2400000000,https://www.olx.co.id/item/rumah-tengah-kotabaru-selesai-renovasi-utk-kos2an-9kamar-iid-846802645,"Dijual rumah modern 2 lantai untuk kos2an. Baru Saja selesai renovasi. Ada partly furniture. Ada 9 kamar tidur dan 7 kamar mandi dalam. Listrik 3500va, air PAM. Lokasi tepat di tengah kota, sompok. 2menit ke Java Mall, 5 menit ke Simpang Lima"
19-11-2021,120,140,4,2,,1,Kota Semarang,SHM,2200,Utara,1700000000,https://www.olx.co.id/item/cluster-graha-estetika-banyumanik-tirto-agung-undip-tol-srondol-iid-847735117,"KEUNGGULAN LOKASI
— Cluster One Gate System
— Keamanan 24 Jam
— Hanya 3 menit TOL Jakarta-Surabaya
— Hanya 4 menit SD Al Azhar
— Hanya 5 menit Kampus UNDIP
— Hanya 10 menit TRANSMART
FASILITAS CLUSTER : Kolam Renang, Fitness Center, Jogging Track, Cafe, Taman Bermain, Tempat Ibadah"
07-12-2021,240,260,4,4,1,2,Kota Semarang,SHM,4400,,3300000000,https://www.olx.co.id/item/jual-rumah-mewah-di-graha-taman-pelangi-bsb-city-semarang-no-ivy-park-iid-849416391,"Dapur 2( kotor+ bersih)
Garasi 1
Carport 2
AC 5 units
Gazebo + kolam koi
HM"
15-11-2021,187,180,4,3,1,,Kota Semarang,SHM,2200,Barat,2400000000,https://onlist.id/detil/rumah-bagus-2-lantai-di-cluster-mewah-di-kota-atas-semarang-280767,"including Perabotan lemari pakaian , kitchen set dan AC 4 unit
dekat dengan transmart, KFC, pintu tol.
jalan depan paving lebar 8 m
satpam 24 jam cctv, aman, bebas banjir"
07-12-2021,578,500,6,4,3,3,Kota Semarang,SHM,7700,,6000000000,https://www.olx.co.id/item/rumah-mewah-2-lantai-gondang-raya-bulusan-banjarsari-tembalang-iid-849414987,"SELLING POINT :
• 2 menit ke Alfamart dan indomart
• 3 menit ke Undip dan Polines Tembalang
• 4 menit ke Superindo
• 5 menit ke Akses Tol
• 5 menit ke Transmart, Ada swalayan
• 5 menit ke Al azhar"
01-12-2021,82,82,2,1,,1,Kota Semarang,SHM,1300,,340000000,https://onlist.id/detil/rumah-dalam-cluster-plamongan-indah-286596,"- Dekat Jalan Raya
- Gym  
- Keamanan 24 jam  
- Kolam Renang 
- One Gate System 
- Parkiran 
- Taman Bermain"
25-11-2021,200,200,5,3,,2,Kota Semarang,SHM,2200,Tenggara,1350000000,https://onlist.id/detil/dijual-rumah-warna-putih-di-tlogosari-semarang-tp-284510,"- Air Conditioner (AC) 
- Keamanan 24 jam 
- Parkiran 
- Pusat Bisnis
- Cocok untuk dijadikan usaha seperti jualan, toko kelontong, kantor, dll."
04-12-2021,126,100,2,2,,1,Kota Semarang,SHM,1300,,1500000000,https://rumahdijual.com/5898758,"*Fasilitas tambahan :
*Carport
*Line telp dan internet
*Gudang
Keunggulan :
~Lokasi sangat strategis, berada di area yang sudah ramai dan berkembang
~Lokasi berada di area bebas banjir
~Lingkungan nyaman, asri dan aman
~5 menit ke kampus UNDIP Semarang
~3 menit ke Transmart
~4 Menit ke jalan tol
~4 Menit ke jalan Raya
~5 Menit ke rumah sakit"
07-12-2021,136,37,2,1,,1,Kota Semarang,SHM,1300,,495000000,https://rumahdijual.com/11628206,"Desain arsitektur rumah kekinian serta tak jauh dari pusat kegiatan ekonomi, pendidikan dan keamanan spt :
- Markas Sabhara
- Mall BSB Mijen
- Kampus UNIKA BSB Mijen
- RSUD Mijen
- SMP-SMA-SMK Boarding School Nurul Islam.
- Selangkah dr SDN 01 Wonolopo.
- Kampus Lab. Kes. Masy. UNIMUS.
- PonPes Baitussalam
- SD-SMP IT Cahaya Bangsa
- POLSEK Mijen.
- Pasar Mijen.
- Jalan lebar
- Drainase ramah lingkungan"
07-12-2021,100,100,2,1,,1,Kota Semarang,SHM,2200,Utara,730000000,https://www.rumah123.com/properti/semarang/hos9295927/,"Rumah siap huni dengan LD 10m,Bangunan baru gress dengan desain mewah,aman dari banjir karena sudah lebih tinggi dari jalan,dekat dengan The Park View Mall baru di Madukoro serta akses mudah ke tengah kota,cocok untuk pekerja maupun pasangan baru"
08-12-2021,920,600,5,4,2,6,Kabupaten Semarang,SHM,4400,Timur Laut,16500000000,https://www.rumah123.com/properti/semarang/hos9174904/,"Rumah kusen jati,lantai marmer,solarhart, design mediterania diarea jalan utama"
08-12-2021,468,700,8,4,2,2,Kota Semarang,SHM,7700,Selatan,2950000000,https://www.rumah123.com/properti/semarang/hos9304043/,"6 menit ke UIN Walisongo Semarang
7 menit ke RSUD Tugurejo
3 menit ke Pasar Ngaliyan Semarang"
08-12-2021,212,185,4,4,1,1,Kota Semarang,SHM,2200,Utara,3100000000,https://www.rumah123.com/properti/semarang/hos9303484/,"6 menit ke Bina Bangsa School
9 menit ke Java Mall
10 menit dari AKPOL Semarang"